-- Seed data for Delulul

INSERT INTO skus (id, name, unit, category) VALUES
  ('siomay-ayam', 'Siomay Ayam', 'pcs', 'kukus'),
  ('siomay-kepiting', 'Siomay Kepiting', 'pcs', 'kukus'),
  ('siomay-seafood', 'Siomay Seafood', 'pcs', 'kukus'),
  ('siomay-udang', 'Siomay Udang', 'pcs', 'kukus'),
  ('siomay-nori', 'Siomay Nori', 'pcs', 'kukus'),
  ('siomay-mozzarella', 'Siomay Mozzarella', 'pcs', 'kukus'),
  ('siomay-mercon', 'Siomay Mercon', 'pcs', 'kukus'),
  ('gyoza-ayam', 'Gyoza Ayam', 'pcs', 'kukus'),
  ('gyoza-ayam-udang', 'Gyoza Ayam Udang', 'pcs', 'kukus'),
  ('bakpao-ayam', 'Bakpao Ayam', 'pcs', 'kukus'),
  ('bakpao-susu', 'Bakpao Susu', 'pcs', 'kukus'),
  ('bakpao-cokelat', 'Bakpao Cokelat', 'pcs', 'kukus'),
  ('shisitkau', 'Shisitkau', 'pcs', 'kukus'),
  ('lumpia-tahu-ayam', 'Lumpia Kulit Tahu Ayam', 'pcs', 'kukus'),
  ('lumpia-tahu-udang', 'Lumpia Kulit Tahu Udang', 'pcs', 'kukus'),
  ('angsio', 'Angsio', 'pcs', 'kukus'),
  ('hakau', 'Hakau', 'pcs', 'kukus'),
  ('ayam-bola-keju', 'Ayam Bola Keju', 'pcs', 'goreng'),
  ('pangsit-ayam', 'Pangsit Ayam', 'pcs', 'goreng'),
  ('pangsit-udang', 'Pangsit Udang', 'pcs', 'goreng'),
  ('ekado', 'Ekado', 'pcs', 'goreng'),
  ('kumis-naga', 'Kumis Naga', 'pcs', 'goreng'),
  ('kuotie', 'Kuotie', 'pcs', 'goreng'),
  ('wonton', 'Wonton', 'pcs', 'goreng'),
  ('cakue-goreng-udang', 'Cakue Goreng Udang', 'pcs', 'goreng'),
  ('lumpia-goreng-ayam', 'Lumpia Goreng Ayam', 'pcs', 'goreng'),
  ('lumpia-goreng-udang', 'Lumpia Goreng Udang', 'pcs', 'goreng'),
  ('lumpia-goreng-keju', 'Lumpia Goreng Ayam Keju Lumer', 'pcs', 'goreng'),
  ('gohyong', 'Gohyong', 'pcs', 'goreng'),
  ('pangsit-ayam-rebus', 'Pangsit Ayam Rebus', 'pcs', 'rebus'),
  ('chicken-drumstick', 'Chicken Drumstick', 'pcs', 'bento'),
  ('kani-roll', 'Kani Roll', 'pcs', 'bento'),
  ('egg-chicken-roll', 'Egg Chicken Roll', 'pcs', 'bento'),
  ('kaki-naga', 'Kaki Naga', 'pcs', 'bento'),
  ('chicken-katsu', 'Chicken Katsu', 'pcs', 'bento'),
  ('chili-oil-80', 'Chili Oil 80 ml', 'botol', 'condiment'),
  ('chili-oil-500', 'Chili Oil 500 ml', 'botol', 'condiment'),
  ('chili-oil-1l', 'Chili Oil 1 Liter', 'botol', 'condiment')
ON CONFLICT (id) DO NOTHING;

INSERT INTO supplier_mixes (id, name, price) VALUES
  ('mix-a', 'Mix A', 64000),
  ('mix-b', 'Mix B', 64000),
  ('mix-e', 'Mix E', 64000),
  ('mix-c', 'Mix C', 64000)
ON CONFLICT (id) DO NOTHING;

INSERT INTO mix_contents (mix_id, sku_id, qty) VALUES
  ('mix-a', 'siomay-ayam', 6),
  ('mix-a', 'lumpia-tahu-udang', 6),
  ('mix-a', 'siomay-nori', 6),
  ('mix-a', 'siomay-kepiting', 6),
  ('mix-a', 'shisitkau', 6),
  ('mix-b', 'siomay-udang', 6),
  ('mix-b', 'lumpia-tahu-ayam', 6),
  ('mix-b', 'siomay-nori', 6),
  ('mix-b', 'siomay-seafood', 6),
  ('mix-b', 'shisitkau', 6),
  ('mix-e', 'siomay-ayam', 6),
  ('mix-e', 'lumpia-tahu-ayam', 6),
  ('mix-e', 'siomay-nori', 6),
  ('mix-e', 'siomay-kepiting', 6),
  ('mix-e', 'siomay-mozzarella', 6),
  ('mix-c', 'kuotie', 6),
  ('mix-c', 'lumpia-goreng-ayam', 6),
  ('mix-c', 'wonton', 6),
  ('mix-c', 'ekado', 6),
  ('mix-c', 'kumis-naga', 6)
ON CONFLICT DO NOTHING;

INSERT INTO packages (id, name, price) VALUES
  ('paket-halu', 'Paket Halu', 35000),
  ('paket-when-ya', 'Paket When Ya', 35000),
  ('paket-solulu', 'Paket Solulu', 35000)
ON CONFLICT (id) DO NOTHING;

INSERT INTO package_bom (package_id, sku_id, qty) VALUES
  ('paket-halu', 'siomay-ayam', 1),
  ('paket-halu', 'lumpia-tahu-udang', 1),
  ('paket-halu', 'siomay-nori', 1),
  ('paket-halu', 'siomay-kepiting', 1),
  ('paket-halu', 'shisitkau', 1),
  ('paket-when-ya', 'siomay-udang', 1),
  ('paket-when-ya', 'lumpia-tahu-ayam', 1),
  ('paket-when-ya', 'siomay-nori', 1),
  ('paket-when-ya', 'siomay-seafood', 1),
  ('paket-when-ya', 'shisitkau', 1),
  ('paket-solulu', 'siomay-ayam', 1),
  ('paket-solulu', 'lumpia-tahu-ayam', 1),
  ('paket-solulu', 'siomay-nori', 1),
  ('paket-solulu', 'siomay-kepiting', 1),
  ('paket-solulu', 'siomay-mozzarella', 1)
ON CONFLICT DO NOTHING;

INSERT INTO supplier_packs (sku_id, label, size_pcs, price) VALUES
  ('siomay-ayam', 'Medium', 30, 63000),
  ('siomay-ayam', 'Large', 24, 63000),
  ('siomay-kepiting', 'Medium', 30, 63000),
  ('siomay-kepiting', 'Large', 24, 63000),
  ('siomay-seafood', 'Medium', 30, 63000),
  ('siomay-seafood', 'Large', 24, 63000),
  ('siomay-udang', 'Medium', 30, 64000),
  ('siomay-udang', 'Large', 24, 64000),
  ('siomay-nori', 'Medium', 30, 64000),
  ('siomay-nori', 'Large', 24, 64000),
  ('siomay-mozzarella', 'Medium', 30, 69000),
  ('siomay-mozzarella', 'Large', 24, 69000),
  ('siomay-mercon', 'Medium', 30, 69000),
  ('siomay-mercon', 'Large', 24, 69000),
  ('gyoza-ayam', 'Medium', 30, 58000),
  ('gyoza-ayam-udang', 'Medium', 30, 63000),
  ('bakpao-ayam', 'Large', 24, 62000),
  ('bakpao-susu', 'Large', 24, 62000),
  ('bakpao-cokelat', 'Large', 24, 62000),
  ('shisitkau', 'Medium', 30, 64000),
  ('shisitkau', 'Large', 24, 64000),
  ('lumpia-tahu-ayam', 'Medium', 30, 65000),
  ('lumpia-tahu-ayam', 'Large', 24, 65000),
  ('lumpia-tahu-udang', 'Medium', 30, 66000),
  ('lumpia-tahu-udang', 'Large', 24, 66000),
  ('angsio', 'Large', 24, 68000),
  ('hakau', 'Large', 24, 69000),
  ('ayam-bola-keju', 'Regular', 15, 27000),
  ('pangsit-ayam', 'Medium', 30, 53000),
  ('pangsit-udang', 'Medium', 30, 58000),
  ('ekado', 'Large', 24, 63000),
  ('kumis-naga', 'Medium', 30, 63000),
  ('kumis-naga', 'Large', 24, 63000),
  ('kuotie', 'Medium', 30, 63000),
  ('kuotie', 'Large', 24, 63000),
  ('wonton', 'Medium', 30, 64000),
  ('wonton', 'Large', 24, 64000),
  ('cakue-goreng-udang', 'Large', 24, 64000),
  ('lumpia-goreng-ayam', 'Medium', 30, 63000),
  ('lumpia-goreng-ayam', 'Large', 24, 63000),
  ('lumpia-goreng-udang', 'Medium', 30, 64000),
  ('lumpia-goreng-udang', 'Large', 24, 64000),
  ('lumpia-goreng-keju', 'Large', 24, 67000),
  ('gohyong', 'Medium', 30, 69000),
  ('pangsit-ayam-rebus', 'Medium', 30, 64000),
  ('chicken-drumstick', 'Regular', 10, 24000),
  ('kani-roll', 'Regular', 12, 24000),
  ('egg-chicken-roll', 'Regular', 12, 25000),
  ('kaki-naga', 'Regular', 10, 28000),
  ('chicken-katsu', 'Regular', 500, 41000),
  ('chili-oil-80', '80 ml', 1, 12000),
  ('chili-oil-500', '500 ml', 1, 47000),
  ('chili-oil-1l', '1 Liter', 1, 83000)
ON CONFLICT DO NOTHING;

INSERT INTO inventory (sku_id, qty_on_hand) SELECT id, 0 FROM skus ON CONFLICT (sku_id) DO NOTHING;
